"GEO_ID","NAME","B25077_001E","B25077_001EA","B25077_001M","B25077_001MA",
"Geography","Geographic Area Name","Estimate!!Median value (dollars)","Annotation of Estimate!!Median value (dollars)","Margin of Error!!Median value (dollars)","Annotation of Margin of Error!!Median value (dollars)",
"1400000US42101000101","Census Tract 1.01, Philadelphia County, Pennsylvania","414000","null","93462","null",
"1400000US42101000102","Census Tract 1.02, Philadelphia County, Pennsylvania","456900","null","98400","null",
"1400000US42101000200","Census Tract 2, Philadelphia County, Pennsylvania","448100","null","190300","null",
"1400000US42101000300","Census Tract 3, Philadelphia County, Pennsylvania","627900","null","75611","null",
"1400000US42101000401","Census Tract 4.01, Philadelphia County, Pennsylvania","583900","null","145592","null",
"1400000US42101000403","Census Tract 4.03, Philadelphia County, Pennsylvania","838200","null","88693","null",
"1400000US42101000404","Census Tract 4.04, Philadelphia County, Pennsylvania","335300","null","19811","null",
"1400000US42101000500","Census Tract 5, Philadelphia County, Pennsylvania","372700","null","74886","null",
"1400000US42101000600","Census Tract 6, Philadelphia County, Pennsylvania","687500","null","284367","null",
"1400000US42101000701","Census Tract 7.01, Philadelphia County, Pennsylvania","319700","null","70610","null",
"1400000US42101000702","Census Tract 7.02, Philadelphia County, Pennsylvania","225000","null","98497","null",
"1400000US42101000801","Census Tract 8.01, Philadelphia County, Pennsylvania","751600","null","302286","null",
"1400000US42101000803","Census Tract 8.03, Philadelphia County, Pennsylvania","742900","null","288822","null",
"1400000US42101000805","Census Tract 8.05, Philadelphia County, Pennsylvania","765800","null","221546","null",
"1400000US42101000806","Census Tract 8.06, Philadelphia County, Pennsylvania","515900","null","234646","null",
"1400000US42101000901","Census Tract 9.01, Philadelphia County, Pennsylvania","452500","null","277126","null",
"1400000US42101000902","Census Tract 9.02, Philadelphia County, Pennsylvania","898300","null","260311","null",
"1400000US42101001001","Census Tract 10.01, Philadelphia County, Pennsylvania","563900","null","107729","null",
"1400000US42101001002","Census Tract 10.02, Philadelphia County, Pennsylvania","645600","null","119976","null",
"1400000US42101001101","Census Tract 11.01, Philadelphia County, Pennsylvania","412000","null","54866","null",
"1400000US42101001102","Census Tract 11.02, Philadelphia County, Pennsylvania","591600","null","64598","null",
"1400000US42101001201","Census Tract 12.01, Philadelphia County, Pennsylvania","689700","null","74680","null",
"1400000US42101001203","Census Tract 12.03, Philadelphia County, Pennsylvania","1114900","null","548383","null",
"1400000US42101001204","Census Tract 12.04, Philadelphia County, Pennsylvania","683800","null","101687","null",
"1400000US42101001301","Census Tract 13.01, Philadelphia County, Pennsylvania","453600","null","39994","null",
"1400000US42101001302","Census Tract 13.02, Philadelphia County, Pennsylvania","470700","null","40176","null",
"1400000US42101001400","Census Tract 14, Philadelphia County, Pennsylvania","563400","null","103123","null",
"1400000US42101001500","Census Tract 15, Philadelphia County, Pennsylvania","492100","null","42518","null",
"1400000US42101001600","Census Tract 16, Philadelphia County, Pennsylvania","594200","null","42190","null",
"1400000US42101001700","Census Tract 17, Philadelphia County, Pennsylvania","587400","null","60116","null",
"1400000US42101001800","Census Tract 18, Philadelphia County, Pennsylvania","456800","null","19987","null",
"1400000US42101001900","Census Tract 19, Philadelphia County, Pennsylvania","483500","null","47401","null",
"1400000US42101002000","Census Tract 20, Philadelphia County, Pennsylvania","268200","null","26271","null",
"1400000US42101002100","Census Tract 21, Philadelphia County, Pennsylvania","254200","null","33994","null",
"1400000US42101002200","Census Tract 22, Philadelphia County, Pennsylvania","322800","null","97064","null",
"1400000US42101002300","Census Tract 23, Philadelphia County, Pennsylvania","364400","null","38074","null",
"1400000US42101002400","Census Tract 24, Philadelphia County, Pennsylvania","388000","null","38022","null",
"1400000US42101002500","Census Tract 25, Philadelphia County, Pennsylvania","408100","null","45819","null",
"1400000US42101002701","Census Tract 27.01, Philadelphia County, Pennsylvania","334100","null","40838","null",
"1400000US42101002702","Census Tract 27.02, Philadelphia County, Pennsylvania","287700","null","20995","null",
"1400000US42101002801","Census Tract 28.01, Philadelphia County, Pennsylvania","244700","null","19687","null",
"1400000US42101002802","Census Tract 28.02, Philadelphia County, Pennsylvania","321100","null","20232","null",
"1400000US42101002900","Census Tract 29, Philadelphia County, Pennsylvania","320500","null","39015","null",
"1400000US42101003001","Census Tract 30.01, Philadelphia County, Pennsylvania","208000","null","20660","null",
"1400000US42101003002","Census Tract 30.02, Philadelphia County, Pennsylvania","256600","null","59962","null",
"1400000US42101003100","Census Tract 31, Philadelphia County, Pennsylvania","166600","null","120490","null",
"1400000US42101003200","Census Tract 32, Philadelphia County, Pennsylvania","137200","null","43322","null",
"1400000US42101003300","Census Tract 33, Philadelphia County, Pennsylvania","138100","null","61983","null",
"1400000US42101003600","Census Tract 36, Philadelphia County, Pennsylvania","158900","null","6294","null",
"1400000US42101003701","Census Tract 37.01, Philadelphia County, Pennsylvania","151300","null","67602","null",
"1400000US42101003702","Census Tract 37.02, Philadelphia County, Pennsylvania","162500","null","26383","null",
"1400000US42101003800","Census Tract 38, Philadelphia County, Pennsylvania","243000","null","32867","null",
"1400000US42101003901","Census Tract 39.01, Philadelphia County, Pennsylvania","223900","null","16139","null",
"1400000US42101003902","Census Tract 39.02, Philadelphia County, Pennsylvania","244200","null","22771","null",
"1400000US42101004001","Census Tract 40.01, Philadelphia County, Pennsylvania","252300","null","19218","null",
"1400000US42101004002","Census Tract 40.02, Philadelphia County, Pennsylvania","218800","null","16758","null",
"1400000US42101004101","Census Tract 41.01, Philadelphia County, Pennsylvania","178800","null","25262","null",
"1400000US42101004103","Census Tract 41.03, Philadelphia County, Pennsylvania","159400","null","18932","null",
"1400000US42101004104","Census Tract 41.04, Philadelphia County, Pennsylvania","149900","null","17912","null",
"1400000US42101004201","Census Tract 42.01, Philadelphia County, Pennsylvania","210100","null","27010","null",
"1400000US42101004202","Census Tract 42.02, Philadelphia County, Pennsylvania","202100","null","24196","null",
"1400000US42101005400","Census Tract 54, Philadelphia County, Pennsylvania","189400","null","15712","null",
"1400000US42101005500","Census Tract 55, Philadelphia County, Pennsylvania","151100","null","14837","null",
"1400000US42101005600","Census Tract 56, Philadelphia County, Pennsylvania","141100","null","38385","null",
"1400000US42101006000","Census Tract 60, Philadelphia County, Pennsylvania","123300","null","17503","null",
"1400000US42101006100","Census Tract 61, Philadelphia County, Pennsylvania","118600","null","13536","null",
"1400000US42101006200","Census Tract 62, Philadelphia County, Pennsylvania","80600","null","7381","null",
"1400000US42101006300","Census Tract 63, Philadelphia County, Pennsylvania","66600","null","3400","null",
"1400000US42101006400","Census Tract 64, Philadelphia County, Pennsylvania","79100","null","13907","null",
"1400000US42101006500","Census Tract 65, Philadelphia County, Pennsylvania","85100","null","7573","null",
"1400000US42101006600","Census Tract 66, Philadelphia County, Pennsylvania","69100","null","10069","null",
"1400000US42101006700","Census Tract 67, Philadelphia County, Pennsylvania","84700","null","4760","null",
"1400000US42101007000","Census Tract 70, Philadelphia County, Pennsylvania","69800","null","4360","null",
"1400000US42101007101","Census Tract 71.01, Philadelphia County, Pennsylvania","70700","null","7709","null",
"1400000US42101007102","Census Tract 71.02, Philadelphia County, Pennsylvania","75200","null","3614","null",
"1400000US42101007200","Census Tract 72, Philadelphia County, Pennsylvania","76000","null","3163","null",
"1400000US42101007300","Census Tract 73, Philadelphia County, Pennsylvania","226100","null","85245","null",
"1400000US42101007400","Census Tract 74, Philadelphia County, Pennsylvania","91800","null","28672","null",
"1400000US42101007700","Census Tract 77, Philadelphia County, Pennsylvania","300000","null","116006","null",
"1400000US42101007800","Census Tract 78, Philadelphia County, Pennsylvania","509300","null","114786","null",
"1400000US42101007900","Census Tract 79, Philadelphia County, Pennsylvania","466900","null","131040","null",
"1400000US42101008000","Census Tract 80, Philadelphia County, Pennsylvania","228800","null","37009","null",
"1400000US42101008101","Census Tract 81.01, Philadelphia County, Pennsylvania","98800","null","31749","null",
"1400000US42101008102","Census Tract 81.02, Philadelphia County, Pennsylvania","105500","null","15123","null",
"1400000US42101008200","Census Tract 82, Philadelphia County, Pennsylvania","117100","null","9145","null",
"1400000US42101008301","Census Tract 83.01, Philadelphia County, Pennsylvania","81000","null","20740","null",
"1400000US42101008302","Census Tract 83.02, Philadelphia County, Pennsylvania","80500","null","5871","null",
"1400000US42101008400","Census Tract 84, Philadelphia County, Pennsylvania","98500","null","16868","null",
"1400000US42101008500","Census Tract 85, Philadelphia County, Pennsylvania","118100","null","23535","null",
"1400000US42101008601","Census Tract 86.01, Philadelphia County, Pennsylvania","374300","null","62597","null",
"1400000US42101008602","Census Tract 86.02, Philadelphia County, Pennsylvania","256400","null","43789","null",
"1400000US42101008701","Census Tract 87.01, Philadelphia County, Pennsylvania","390600","null","108931","null",
"1400000US42101008702","Census Tract 87.02, Philadelphia County, Pennsylvania","614000","null","99387","null",
"1400000US42101008801","Census Tract 88.01, Philadelphia County, Pennsylvania","-","-","**","**",
"1400000US42101008802","Census Tract 88.02, Philadelphia County, Pennsylvania","767500","null","538608","null",
"1400000US42101009000","Census Tract 90, Philadelphia County, Pennsylvania","524000","null","77467","null",
"1400000US42101009100","Census Tract 91, Philadelphia County, Pennsylvania","298900","null","125421","null",
"1400000US42101009200","Census Tract 92, Philadelphia County, Pennsylvania","206000","null","56109","null",
"1400000US42101009300","Census Tract 93, Philadelphia County, Pennsylvania","89700","null","7810","null",
"1400000US42101009400","Census Tract 94, Philadelphia County, Pennsylvania","67400","null","15484","null",
"1400000US42101009500","Census Tract 95, Philadelphia County, Pennsylvania","64600","null","7489","null",
"1400000US42101009600","Census Tract 96, Philadelphia County, Pennsylvania","89500","null","10743","null",
"1400000US42101009801","Census Tract 98.01, Philadelphia County, Pennsylvania","147300","null","8269","null",
"1400000US42101009802","Census Tract 98.02, Philadelphia County, Pennsylvania","143300","null","5103","null",
"1400000US42101010000","Census Tract 100, Philadelphia County, Pennsylvania","120400","null","8899","null",
"1400000US42101010100","Census Tract 101, Philadelphia County, Pennsylvania","95100","null","4908","null",
"1400000US42101010200","Census Tract 102, Philadelphia County, Pennsylvania","71500","null","8289","null",
"1400000US42101010300","Census Tract 103, Philadelphia County, Pennsylvania","94700","null","14195","null",
"1400000US42101010400","Census Tract 104, Philadelphia County, Pennsylvania","62500","null","9607","null",
"1400000US42101010500","Census Tract 105, Philadelphia County, Pennsylvania","98400","null","55627","null",
"1400000US42101010600","Census Tract 106, Philadelphia County, Pennsylvania","104800","null","58787","null",
"1400000US42101010700","Census Tract 107, Philadelphia County, Pennsylvania","105900","null","18043","null",
"1400000US42101010800","Census Tract 108, Philadelphia County, Pennsylvania","112200","null","28677","null",
"1400000US42101010900","Census Tract 109, Philadelphia County, Pennsylvania","218800","null","116793","null",
"1400000US42101011000","Census Tract 110, Philadelphia County, Pennsylvania","70000","null","14747","null",
"1400000US42101011100","Census Tract 111, Philadelphia County, Pennsylvania","78300","null","18864","null",
"1400000US42101011200","Census Tract 112, Philadelphia County, Pennsylvania","88200","null","16934","null",
"1400000US42101011300","Census Tract 113, Philadelphia County, Pennsylvania","99200","null","20909","null",
"1400000US42101011400","Census Tract 114, Philadelphia County, Pennsylvania","168200","null","42027","null",
"1400000US42101011500","Census Tract 115, Philadelphia County, Pennsylvania","140700","null","9773","null",
"1400000US42101011700","Census Tract 117, Philadelphia County, Pennsylvania","243000","null","30039","null",
"1400000US42101011800","Census Tract 118, Philadelphia County, Pennsylvania","146200","null","13885","null",
"1400000US42101011900","Census Tract 119, Philadelphia County, Pennsylvania","120400","null","12181","null",
"1400000US42101012000","Census Tract 120, Philadelphia County, Pennsylvania","357000","null","32615","null",
"1400000US42101012100","Census Tract 121, Philadelphia County, Pennsylvania","188300","null","4334","null",
"1400000US42101012201","Census Tract 122.01, Philadelphia County, Pennsylvania","-","-","**","**",
"1400000US42101012203","Census Tract 122.03, Philadelphia County, Pennsylvania","-","-","**","**",
"1400000US42101012204","Census Tract 122.04, Philadelphia County, Pennsylvania","158800","null","27245","null",
"1400000US42101012501","Census Tract 125.01, Philadelphia County, Pennsylvania","-","-","**","**",
"1400000US42101012502","Census Tract 125.02, Philadelphia County, Pennsylvania","397600","null","140739","null",
"1400000US42101013100","Census Tract 131, Philadelphia County, Pennsylvania","288100","null","76125","null",
"1400000US42101013200","Census Tract 132, Philadelphia County, Pennsylvania","361600","null","98959","null",
"1400000US42101013300","Census Tract 133, Philadelphia County, Pennsylvania","423100","null","145716","null",
"1400000US42101013401","Census Tract 134.01, Philadelphia County, Pennsylvania","560900","null","58552","null",
"1400000US42101013402","Census Tract 134.02, Philadelphia County, Pennsylvania","573500","null","94077","null",
"1400000US42101013500","Census Tract 135, Philadelphia County, Pennsylvania","406900","null","54754","null",
"1400000US42101013601","Census Tract 136.01, Philadelphia County, Pennsylvania","384800","null","33098","null",
"1400000US42101013602","Census Tract 136.02, Philadelphia County, Pennsylvania","371400","null","27378","null",
"1400000US42101013701","Census Tract 137.01, Philadelphia County, Pennsylvania","286300","null","43257","null",
"1400000US42101013702","Census Tract 137.02, Philadelphia County, Pennsylvania","188600","null","180828","null",
"1400000US42101013800","Census Tract 138, Philadelphia County, Pennsylvania","145400","null","48659","null",
"1400000US42101013900","Census Tract 139, Philadelphia County, Pennsylvania","218800","null","85304","null",
"1400000US42101014000","Census Tract 140, Philadelphia County, Pennsylvania","250000","null","120427","null",
"1400000US42101014100","Census Tract 141, Philadelphia County, Pennsylvania","226000","null","27277","null",
"1400000US42101014201","Census Tract 142.01, Philadelphia County, Pennsylvania","461400","null","64894","null",
"1400000US42101014202","Census Tract 142.02, Philadelphia County, Pennsylvania","508200","null","251144","null",
"1400000US42101014300","Census Tract 143, Philadelphia County, Pennsylvania","311600","null","60093","null",
"1400000US42101014400","Census Tract 144, Philadelphia County, Pennsylvania","329000","null","39409","null",
"1400000US42101014500","Census Tract 145, Philadelphia County, Pennsylvania","159400","null","121866","null",
"1400000US42101014600","Census Tract 146, Philadelphia County, Pennsylvania","199400","null","22011","null",
"1400000US42101014700","Census Tract 147, Philadelphia County, Pennsylvania","-","-","**","**",
"1400000US42101014800","Census Tract 148, Philadelphia County, Pennsylvania","164300","null","7938","null",
"1400000US42101014900","Census Tract 149, Philadelphia County, Pennsylvania","154800","null","89653","null",
"1400000US42101015101","Census Tract 151.01, Philadelphia County, Pennsylvania","77200","null","60334","null",
"1400000US42101015102","Census Tract 151.02, Philadelphia County, Pennsylvania","63400","null","15556","null",
"1400000US42101015200","Census Tract 152, Philadelphia County, Pennsylvania","77300","null","63717","null",
"1400000US42101015300","Census Tract 153, Philadelphia County, Pennsylvania","226100","null","27688","null",
"1400000US42101015600","Census Tract 156, Philadelphia County, Pennsylvania","193400","null","23875","null",
"1400000US42101015700","Census Tract 157, Philadelphia County, Pennsylvania","237800","null","32753","null",
"1400000US42101015800","Census Tract 158, Philadelphia County, Pennsylvania","308800","null","45067","null",
"1400000US42101016001","Census Tract 160.01, Philadelphia County, Pennsylvania","281200","null","34495","null",
"1400000US42101016002","Census Tract 160.02, Philadelphia County, Pennsylvania","217400","null","34081","null",
"1400000US42101016100","Census Tract 161, Philadelphia County, Pennsylvania","265900","null","33135","null",
"1400000US42101016200","Census Tract 162, Philadelphia County, Pennsylvania","200600","null","111311","null",
"1400000US42101016300","Census Tract 163, Philadelphia County, Pennsylvania","-","-","**","**",
"1400000US42101016400","Census Tract 164, Philadelphia County, Pennsylvania","65500","null","14703","null",
"1400000US42101016500","Census Tract 165, Philadelphia County, Pennsylvania","65200","null","18896","null",
"1400000US42101016600","Census Tract 166, Philadelphia County, Pennsylvania","73700","null","6963","null",
"1400000US42101016701","Census Tract 167.01, Philadelphia County, Pennsylvania","61600","null","17494","null",
"1400000US42101016702","Census Tract 167.02, Philadelphia County, Pennsylvania","55500","null","4807","null",
"1400000US42101016800","Census Tract 168, Philadelphia County, Pennsylvania","61300","null","21879","null",
"1400000US42101016901","Census Tract 169.01, Philadelphia County, Pennsylvania","61900","null","23813","null",
"1400000US42101016902","Census Tract 169.02, Philadelphia County, Pennsylvania","53400","null","13125","null",
"1400000US42101017000","Census Tract 170, Philadelphia County, Pennsylvania","101200","null","29862","null",
"1400000US42101017100","Census Tract 171, Philadelphia County, Pennsylvania","51100","null","11155","null",
"1400000US42101017201","Census Tract 172.01, Philadelphia County, Pennsylvania","53900","null","4776","null",
"1400000US42101017202","Census Tract 172.02, Philadelphia County, Pennsylvania","67100","null","16989","null",
"1400000US42101017300","Census Tract 173, Philadelphia County, Pennsylvania","65000","null","21986","null",
"1400000US42101017400","Census Tract 174, Philadelphia County, Pennsylvania","83800","null","79979","null",
"1400000US42101017500","Census Tract 175, Philadelphia County, Pennsylvania","46500","null","4096","null",
"1400000US42101017601","Census Tract 176.01, Philadelphia County, Pennsylvania","47900","null","19189","null",
"1400000US42101017602","Census Tract 176.02, Philadelphia County, Pennsylvania","51900","null","11852","null",
"1400000US42101017701","Census Tract 177.01, Philadelphia County, Pennsylvania","52000","null","8834","null",
"1400000US42101017702","Census Tract 177.02, Philadelphia County, Pennsylvania","43600","null","6076","null",
"1400000US42101017800","Census Tract 178, Philadelphia County, Pennsylvania","64600","null","13926","null",
"1400000US42101017900","Census Tract 179, Philadelphia County, Pennsylvania","86100","null","51860","null",
"1400000US42101018001","Census Tract 180.01, Philadelphia County, Pennsylvania","180000","null","23972","null",
"1400000US42101018002","Census Tract 180.02, Philadelphia County, Pennsylvania","149900","null","14613","null",
"1400000US42101018300","Census Tract 183, Philadelphia County, Pennsylvania","169000","null","9329","null",
"1400000US42101018400","Census Tract 184, Philadelphia County, Pennsylvania","161300","null","17367","null",
"1400000US42101018801","Census Tract 188.01, Philadelphia County, Pennsylvania","74200","null","12255","null",
"1400000US42101018802","Census Tract 188.02, Philadelphia County, Pennsylvania","61200","null","15471","null",
"1400000US42101019000","Census Tract 190, Philadelphia County, Pennsylvania","96000","null","5046","null",
"1400000US42101019100","Census Tract 191, Philadelphia County, Pennsylvania","107000","null","7698","null",
"1400000US42101019200","Census Tract 192, Philadelphia County, Pennsylvania","64700","null","12110","null",
"1400000US42101019501","Census Tract 195.01, Philadelphia County, Pennsylvania","48800","null","2527","null",
"1400000US42101019502","Census Tract 195.02, Philadelphia County, Pennsylvania","64300","null","10182","null",
"1400000US42101019700","Census Tract 197, Philadelphia County, Pennsylvania","58400","null","4700","null",
"1400000US42101019800","Census Tract 198, Philadelphia County, Pennsylvania","67700","null","3357","null",
"1400000US42101019900","Census Tract 199, Philadelphia County, Pennsylvania","65800","null","3525","null",
"1400000US42101020000","Census Tract 200, Philadelphia County, Pennsylvania","66000","null","4882","null",
"1400000US42101020101","Census Tract 201.01, Philadelphia County, Pennsylvania","97500","null","93333","null",
"1400000US42101020102","Census Tract 201.02, Philadelphia County, Pennsylvania","78400","null","8042","null",
"1400000US42101020200","Census Tract 202, Philadelphia County, Pennsylvania","78700","null","44829","null",
"1400000US42101020300","Census Tract 203, Philadelphia County, Pennsylvania","65400","null","11783","null",
"1400000US42101020400","Census Tract 204, Philadelphia County, Pennsylvania","69600","null","24134","null",
"1400000US42101020500","Census Tract 205, Philadelphia County, Pennsylvania","57100","null","6245","null",
"1400000US42101020600","Census Tract 206, Philadelphia County, Pennsylvania","472200","null","28722","null",
"1400000US42101020701","Census Tract 207.01, Philadelphia County, Pennsylvania","243900","null","14952","null",
"1400000US42101020702","Census Tract 207.02, Philadelphia County, Pennsylvania","344000","null","50130","null",
"1400000US42101020800","Census Tract 208, Philadelphia County, Pennsylvania","158200","null","43311","null",
"1400000US42101020900","Census Tract 209, Philadelphia County, Pennsylvania","277200","null","16489","null",
"1400000US42101021000","Census Tract 210, Philadelphia County, Pennsylvania","235800","null","23174","null",
"1400000US42101021100","Census Tract 211, Philadelphia County, Pennsylvania","251000","null","18917","null",
"1400000US42101021200","Census Tract 212, Philadelphia County, Pennsylvania","241300","null","23848","null",
"1400000US42101021300","Census Tract 213, Philadelphia County, Pennsylvania","225400","null","23402","null",
"1400000US42101021400","Census Tract 214, Philadelphia County, Pennsylvania","253700","null","22978","null",
"1400000US42101021500","Census Tract 215, Philadelphia County, Pennsylvania","246300","null","23738","null",
"1400000US42101021600","Census Tract 216, Philadelphia County, Pennsylvania","281100","null","10344","null",
"1400000US42101021700","Census Tract 217, Philadelphia County, Pennsylvania","262400","null","11170","null",
"1400000US42101021800","Census Tract 218, Philadelphia County, Pennsylvania","272100","null","12798","null",
"1400000US42101021900","Census Tract 219, Philadelphia County, Pennsylvania","237700","null","23832","null",
"1400000US42101022000","Census Tract 220, Philadelphia County, Pennsylvania","321500","null","25474","null",
"1400000US42101023100","Census Tract 231, Philadelphia County, Pennsylvania","591100","null","124029","null",
"1400000US42101023500","Census Tract 235, Philadelphia County, Pennsylvania","488800","null","127952","null",
"1400000US42101023600","Census Tract 236, Philadelphia County, Pennsylvania","453000","null","82406","null",
"1400000US42101023700","Census Tract 237, Philadelphia County, Pennsylvania","301900","null","49415","null",
"1400000US42101023800","Census Tract 238, Philadelphia County, Pennsylvania","214200","null","30727","null",
"1400000US42101023900","Census Tract 239, Philadelphia County, Pennsylvania","186300","null","40014","null",
"1400000US42101024000","Census Tract 240, Philadelphia County, Pennsylvania","238900","null","60945","null",
"1400000US42101024100","Census Tract 241, Philadelphia County, Pennsylvania","211300","null","40419","null",
"1400000US42101024200","Census Tract 242, Philadelphia County, Pennsylvania","153200","null","38254","null",
"1400000US42101024300","Census Tract 243, Philadelphia County, Pennsylvania","144800","null","23531","null",
"1400000US42101024400","Census Tract 244, Philadelphia County, Pennsylvania","171200","null","53816","null",
"1400000US42101024500","Census Tract 245, Philadelphia County, Pennsylvania","84500","null","19864","null",
"1400000US42101024600","Census Tract 246, Philadelphia County, Pennsylvania","155100","null","44774","null",
"1400000US42101024700","Census Tract 247, Philadelphia County, Pennsylvania","104800","null","14045","null",
"1400000US42101024800","Census Tract 248, Philadelphia County, Pennsylvania","120400","null","18272","null",
"1400000US42101024900","Census Tract 249, Philadelphia County, Pennsylvania","91700","null","9803","null",
"1400000US42101025200","Census Tract 252, Philadelphia County, Pennsylvania","116400","null","19525","null",
"1400000US42101025300","Census Tract 253, Philadelphia County, Pennsylvania","144200","null","33561","null",
"1400000US42101025400","Census Tract 254, Philadelphia County, Pennsylvania","230400","null","22736","null",
"1400000US42101025500","Census Tract 255, Philadelphia County, Pennsylvania","324600","null","40763","null",
"1400000US42101025600","Census Tract 256, Philadelphia County, Pennsylvania","354900","null","17963","null",
"1400000US42101025700","Census Tract 257, Philadelphia County, Pennsylvania","364300","null","23796","null",
"1400000US42101025800","Census Tract 258, Philadelphia County, Pennsylvania","242900","null","86009","null",
"1400000US42101025900","Census Tract 259, Philadelphia County, Pennsylvania","166300","null","13097","null",
"1400000US42101026000","Census Tract 260, Philadelphia County, Pennsylvania","162600","null","7159","null",
"1400000US42101026100","Census Tract 261, Philadelphia County, Pennsylvania","222900","null","15346","null",
"1400000US42101026200","Census Tract 262, Philadelphia County, Pennsylvania","166300","null","11354","null",
"1400000US42101026301","Census Tract 263.01, Philadelphia County, Pennsylvania","167000","null","8818","null",
"1400000US42101026302","Census Tract 263.02, Philadelphia County, Pennsylvania","151000","null","11266","null",
"1400000US42101026400","Census Tract 264, Philadelphia County, Pennsylvania","165500","null","12961","null",
"1400000US42101026500","Census Tract 265, Philadelphia County, Pennsylvania","125800","null","12777","null",
"1400000US42101026600","Census Tract 266, Philadelphia County, Pennsylvania","137400","null","5250","null",
"1400000US42101026700","Census Tract 267, Philadelphia County, Pennsylvania","120700","null","6831","null",
"1400000US42101026800","Census Tract 268, Philadelphia County, Pennsylvania","182000","null","18253","null",
"1400000US42101026900","Census Tract 269, Philadelphia County, Pennsylvania","220800","null","49198","null",
"1400000US42101027000","Census Tract 270, Philadelphia County, Pennsylvania","264800","null","15502","null",
"1400000US42101027100","Census Tract 271, Philadelphia County, Pennsylvania","139800","null","6952","null",
"1400000US42101027200","Census Tract 272, Philadelphia County, Pennsylvania","152700","null","7419","null",
"1400000US42101027300","Census Tract 273, Philadelphia County, Pennsylvania","107900","null","7754","null",
"1400000US42101027401","Census Tract 274.01, Philadelphia County, Pennsylvania","108000","null","9434","null",
"1400000US42101027402","Census Tract 274.02, Philadelphia County, Pennsylvania","97600","null","5101","null",
"1400000US42101027500","Census Tract 275, Philadelphia County, Pennsylvania","102100","null","13473","null",
"1400000US42101027600","Census Tract 276, Philadelphia County, Pennsylvania","115900","null","10367","null",
"1400000US42101027700","Census Tract 277, Philadelphia County, Pennsylvania","91800","null","5579","null",
"1400000US42101027800","Census Tract 278, Philadelphia County, Pennsylvania","130100","null","9978","null",
"1400000US42101027901","Census Tract 279.01, Philadelphia County, Pennsylvania","104900","null","11070","null",
"1400000US42101027902","Census Tract 279.02, Philadelphia County, Pennsylvania","88500","null","7803","null",
"1400000US42101028000","Census Tract 280, Philadelphia County, Pennsylvania","75000","null","7515","null",
"1400000US42101028100","Census Tract 281, Philadelphia County, Pennsylvania","108000","null","29909","null",
"1400000US42101028200","Census Tract 282, Philadelphia County, Pennsylvania","94200","null","8570","null",
"1400000US42101028300","Census Tract 283, Philadelphia County, Pennsylvania","79500","null","20238","null",
"1400000US42101028400","Census Tract 284, Philadelphia County, Pennsylvania","83700","null","4026","null",
"1400000US42101028500","Census Tract 285, Philadelphia County, Pennsylvania","108000","null","8237","null",
"1400000US42101028600","Census Tract 286, Philadelphia County, Pennsylvania","94600","null","18748","null",
"1400000US42101028700","Census Tract 287, Philadelphia County, Pennsylvania","79900","null","5249","null",
"1400000US42101028800","Census Tract 288, Philadelphia County, Pennsylvania","86800","null","30793","null",
"1400000US42101028901","Census Tract 289.01, Philadelphia County, Pennsylvania","83900","null","5610","null",
"1400000US42101028902","Census Tract 289.02, Philadelphia County, Pennsylvania","86700","null","7066","null",
"1400000US42101029000","Census Tract 290, Philadelphia County, Pennsylvania","120300","null","11115","null",
"1400000US42101029100","Census Tract 291, Philadelphia County, Pennsylvania","111900","null","5533","null",
"1400000US42101029200","Census Tract 292, Philadelphia County, Pennsylvania","114700","null","16793","null",
"1400000US42101029300","Census Tract 293, Philadelphia County, Pennsylvania","34500","null","26627","null",
"1400000US42101029400","Census Tract 294, Philadelphia County, Pennsylvania","69000","null","9449","null",
"1400000US42101029800","Census Tract 298, Philadelphia County, Pennsylvania","95200","null","4571","null",
"1400000US42101029900","Census Tract 299, Philadelphia County, Pennsylvania","80400","null","8861","null",
"1400000US42101030000","Census Tract 300, Philadelphia County, Pennsylvania","106500","null","9390","null",
"1400000US42101030100","Census Tract 301, Philadelphia County, Pennsylvania","141800","null","24097","null",
"1400000US42101030200","Census Tract 302, Philadelphia County, Pennsylvania","120000","null","19137","null",
"1400000US42101030501","Census Tract 305.01, Philadelphia County, Pennsylvania","105800","null","15748","null",
"1400000US42101030502","Census Tract 305.02, Philadelphia County, Pennsylvania","118000","null","3902","null",
"1400000US42101030600","Census Tract 306, Philadelphia County, Pennsylvania","165300","null","13179","null",
"1400000US42101030700","Census Tract 307, Philadelphia County, Pennsylvania","169200","null","9064","null",
"1400000US42101030800","Census Tract 308, Philadelphia County, Pennsylvania","170500","null","11978","null",
"1400000US42101030900","Census Tract 309, Philadelphia County, Pennsylvania","149100","null","14410","null",
"1400000US42101031000","Census Tract 310, Philadelphia County, Pennsylvania","173400","null","20441","null",
"1400000US42101031101","Census Tract 311.01, Philadelphia County, Pennsylvania","123700","null","12769","null",
"1400000US42101031102","Census Tract 311.02, Philadelphia County, Pennsylvania","122200","null","8408","null",
"1400000US42101031200","Census Tract 312, Philadelphia County, Pennsylvania","119700","null","5618","null",
"1400000US42101031300","Census Tract 313, Philadelphia County, Pennsylvania","141600","null","12222","null",
"1400000US42101031401","Census Tract 314.01, Philadelphia County, Pennsylvania","140800","null","6223","null",
"1400000US42101031402","Census Tract 314.02, Philadelphia County, Pennsylvania","140400","null","7273","null",
"1400000US42101031501","Census Tract 315.01, Philadelphia County, Pennsylvania","170600","null","12669","null",
"1400000US42101031502","Census Tract 315.02, Philadelphia County, Pennsylvania","156900","null","9086","null",
"1400000US42101031600","Census Tract 316, Philadelphia County, Pennsylvania","149700","null","13523","null",
"1400000US42101031700","Census Tract 317, Philadelphia County, Pennsylvania","139200","null","18475","null",
"1400000US42101031800","Census Tract 318, Philadelphia County, Pennsylvania","135600","null","3571","null",
"1400000US42101031900","Census Tract 319, Philadelphia County, Pennsylvania","117600","null","8030","null",
"1400000US42101032000","Census Tract 320, Philadelphia County, Pennsylvania","116500","null","7932","null",
"1400000US42101032100","Census Tract 321, Philadelphia County, Pennsylvania","141800","null","37165","null",
"1400000US42101032300","Census Tract 323, Philadelphia County, Pennsylvania","94600","null","10089","null",
"1400000US42101032500","Census Tract 325, Philadelphia County, Pennsylvania","133800","null","18834","null",
"1400000US42101032600","Census Tract 326, Philadelphia County, Pennsylvania","134000","null","25180","null",
"1400000US42101032900","Census Tract 329, Philadelphia County, Pennsylvania","168200","null","27821","null",
"1400000US42101033000","Census Tract 330, Philadelphia County, Pennsylvania","132500","null","8803","null",
"1400000US42101033101","Census Tract 331.01, Philadelphia County, Pennsylvania","172200","null","14610","null",
"1400000US42101033102","Census Tract 331.02, Philadelphia County, Pennsylvania","146400","null","14381","null",
"1400000US42101033200","Census Tract 332, Philadelphia County, Pennsylvania","225000","null","19761","null",
"1400000US42101033300","Census Tract 333, Philadelphia County, Pennsylvania","233400","null","15743","null",
"1400000US42101033400","Census Tract 334, Philadelphia County, Pennsylvania","182500","null","7726","null",
"1400000US42101033500","Census Tract 335, Philadelphia County, Pennsylvania","178700","null","17659","null",
"1400000US42101033600","Census Tract 336, Philadelphia County, Pennsylvania","195100","null","7878","null",
"1400000US42101033701","Census Tract 337.01, Philadelphia County, Pennsylvania","200700","null","19551","null",
"1400000US42101033702","Census Tract 337.02, Philadelphia County, Pennsylvania","196100","null","10502","null",
"1400000US42101033800","Census Tract 338, Philadelphia County, Pennsylvania","201800","null","15811","null",
"1400000US42101033900","Census Tract 339, Philadelphia County, Pennsylvania","202100","null","14709","null",
"1400000US42101034000","Census Tract 340, Philadelphia County, Pennsylvania","245800","null","14069","null",
"1400000US42101034100","Census Tract 341, Philadelphia County, Pennsylvania","219900","null","7959","null",
"1400000US42101034200","Census Tract 342, Philadelphia County, Pennsylvania","256200","null","22626","null",
"1400000US42101034400","Census Tract 344, Philadelphia County, Pennsylvania","274200","null","18016","null",
"1400000US42101034501","Census Tract 345.01, Philadelphia County, Pennsylvania","255000","null","89596","null",
"1400000US42101034502","Census Tract 345.02, Philadelphia County, Pennsylvania","194800","null","33666","null",
"1400000US42101034600","Census Tract 346, Philadelphia County, Pennsylvania","169500","null","53222","null",
"1400000US42101034701","Census Tract 347.01, Philadelphia County, Pennsylvania","218800","null","7224","null",
"1400000US42101034702","Census Tract 347.02, Philadelphia County, Pennsylvania","231300","null","12040","null",
"1400000US42101034801","Census Tract 348.01, Philadelphia County, Pennsylvania","170500","null","7483","null",
"1400000US42101034802","Census Tract 348.02, Philadelphia County, Pennsylvania","218200","null","17705","null",
"1400000US42101034803","Census Tract 348.03, Philadelphia County, Pennsylvania","212700","null","7820","null",
"1400000US42101034900","Census Tract 349, Philadelphia County, Pennsylvania","145900","null","8847","null",
"1400000US42101035100","Census Tract 351, Philadelphia County, Pennsylvania","174300","null","11375","null",
"1400000US42101035200","Census Tract 352, Philadelphia County, Pennsylvania","247200","null","52772","null",
"1400000US42101035301","Census Tract 353.01, Philadelphia County, Pennsylvania","208300","null","6757","null",
"1400000US42101035302","Census Tract 353.02, Philadelphia County, Pennsylvania","209700","null","12855","null",
"1400000US42101035500","Census Tract 355, Philadelphia County, Pennsylvania","237800","null","14162","null",
"1400000US42101035601","Census Tract 356.01, Philadelphia County, Pennsylvania","279400","null","30091","null",
"1400000US42101035602","Census Tract 356.02, Philadelphia County, Pennsylvania","304200","null","19698","null",
"1400000US42101035701","Census Tract 357.01, Philadelphia County, Pennsylvania","209700","null","13486","null",
"1400000US42101035702","Census Tract 357.02, Philadelphia County, Pennsylvania","228300","null","14485","null",
"1400000US42101035800","Census Tract 358, Philadelphia County, Pennsylvania","262100","null","12541","null",
"1400000US42101035900","Census Tract 359, Philadelphia County, Pennsylvania","256100","null","12026","null",
"1400000US42101036000","Census Tract 360, Philadelphia County, Pennsylvania","250400","null","15830","null",
"1400000US42101036100","Census Tract 361, Philadelphia County, Pennsylvania","206400","null","13064","null",
"1400000US42101036201","Census Tract 362.01, Philadelphia County, Pennsylvania","198500","null","10575","null",
"1400000US42101036202","Census Tract 362.02, Philadelphia County, Pennsylvania","224100","null","17873","null",
"1400000US42101036203","Census Tract 362.03, Philadelphia County, Pennsylvania","217000","null","6056","null",
"1400000US42101036301","Census Tract 363.01, Philadelphia County, Pennsylvania","227400","null","14893","null",
"1400000US42101036302","Census Tract 363.02, Philadelphia County, Pennsylvania","185500","null","6193","null",
"1400000US42101036303","Census Tract 363.03, Philadelphia County, Pennsylvania","212900","null","6772","null",
"1400000US42101036400","Census Tract 364, Philadelphia County, Pennsylvania","358500","null","11819","null",
"1400000US42101036501","Census Tract 365.01, Philadelphia County, Pennsylvania","271400","null","17790","null",
"1400000US42101036502","Census Tract 365.02, Philadelphia County, Pennsylvania","261700","null","13133","null",
"1400000US42101036600","Census Tract 366, Philadelphia County, Pennsylvania","380400","null","28646","null",
"1400000US42101036700","Census Tract 367, Philadelphia County, Pennsylvania","474500","null","30454","null",
"1400000US42101036901","Census Tract 369.01, Philadelphia County, Pennsylvania","-","-","**","**",
"1400000US42101036902","Census Tract 369.02, Philadelphia County, Pennsylvania","-","-","**","**",
"1400000US42101037200","Census Tract 372, Philadelphia County, Pennsylvania","228000","null","22393","null",
"1400000US42101037300","Census Tract 373, Philadelphia County, Pennsylvania","356300","null","22514","null",
"1400000US42101037500","Census Tract 375, Philadelphia County, Pennsylvania","266800","null","54814","null",
"1400000US42101037600","Census Tract 376, Philadelphia County, Pennsylvania","345800","null","27724","null",
"1400000US42101037700","Census Tract 377, Philadelphia County, Pennsylvania","120500","null","20727","null",
"1400000US42101037800","Census Tract 378, Philadelphia County, Pennsylvania","225700","null","25022","null",
"1400000US42101037900","Census Tract 379, Philadelphia County, Pennsylvania","167800","null","27759","null",
"1400000US42101038000","Census Tract 380, Philadelphia County, Pennsylvania","116000","null","7416","null",
"1400000US42101038100","Census Tract 381, Philadelphia County, Pennsylvania","78600","null","15311","null",
"1400000US42101038200","Census Tract 382, Philadelphia County, Pennsylvania","85700","null","17250","null",
"1400000US42101038301","Census Tract 383.01, Philadelphia County, Pennsylvania","52500","null","5345","null",
"1400000US42101038400","Census Tract 384, Philadelphia County, Pennsylvania","286000","null","13896","null",
"1400000US42101038500","Census Tract 385, Philadelphia County, Pennsylvania","616700","null","57961","null",
"1400000US42101038600","Census Tract 386, Philadelphia County, Pennsylvania","792600","null","134377","null",
"1400000US42101038700","Census Tract 387, Philadelphia County, Pennsylvania","490800","null","38376","null",
"1400000US42101038800","Census Tract 388, Philadelphia County, Pennsylvania","317300","null","25455","null",
"1400000US42101038900","Census Tract 389, Philadelphia County, Pennsylvania","211500","null","18028","null",
"1400000US42101039001","Census Tract 390.01, Philadelphia County, Pennsylvania","103600","null","16679","null",
"1400000US42101039002","Census Tract 390.02, Philadelphia County, Pennsylvania","152200","null","67132","null",
"1400000US42101039100","Census Tract 391, Philadelphia County, Pennsylvania","69000","null","7888","null",
"1400000US42101980001","Census Tract 9800.01, Philadelphia County, Pennsylvania","-","-","**","**",
"1400000US42101980002","Census Tract 9800.02, Philadelphia County, Pennsylvania","-","-","**","**",
"1400000US42101980003","Census Tract 9800.03, Philadelphia County, Pennsylvania","-","-","**","**",
"1400000US42101980100","Census Tract 9801, Philadelphia County, Pennsylvania","-","-","**","**",
"1400000US42101980200","Census Tract 9802, Philadelphia County, Pennsylvania","-","-","**","**",
"1400000US42101980300","Census Tract 9803, Philadelphia County, Pennsylvania","-","-","**","**",
"1400000US42101980400","Census Tract 9804, Philadelphia County, Pennsylvania","-","-","**","**",
"1400000US42101980500","Census Tract 9805, Philadelphia County, Pennsylvania","-","-","**","**",
"1400000US42101980600","Census Tract 9806, Philadelphia County, Pennsylvania","-","-","**","**",
"1400000US42101980701","Census Tract 9807.01, Philadelphia County, Pennsylvania","-","-","**","**",
"1400000US42101980702","Census Tract 9807.02, Philadelphia County, Pennsylvania","-","-","**","**",
"1400000US42101980800","Census Tract 9808, Philadelphia County, Pennsylvania","-","-","**","**",
"1400000US42101980901","Census Tract 9809.01, Philadelphia County, Pennsylvania","-","-","**","**",
"1400000US42101980902","Census Tract 9809.02, Philadelphia County, Pennsylvania","-","-","**","**",
"1400000US42101980903","Census Tract 9809.03, Philadelphia County, Pennsylvania","-","-","**","**",
"1400000US42101980904","Census Tract 9809.04, Philadelphia County, Pennsylvania","-","-","**","**",
"1400000US42101980905","Census Tract 9809.05, Philadelphia County, Pennsylvania","-","-","**","**",
"1400000US42101980906","Census Tract 9809.06, Philadelphia County, Pennsylvania","-","-","**","**",
"1400000US42101989100","Census Tract 9891, Philadelphia County, Pennsylvania","-","-","**","**",
"1400000US42101989200","Census Tract 9892, Philadelphia County, Pennsylvania","-","-","**","**",
"1400000US42101989300","Census Tract 9893, Philadelphia County, Pennsylvania","-","-","**","**",
